{
  "macro_auroc": 0.8958056778041711,
  "ece": 0.8859938243377231,
  "macro_f1": 0.3261057444986711,
  "micro_f1": 0.5755107318334627,
  "n_val": 2183,
  "labels_scored": 71
}