{
  "macro_auroc": 0.9140822082407793,
  "ece": 0.9036933940093395,
  "macro_f1": 0.3740710373727114,
  "micro_f1": 0.5846489539211911,
  "n_val": 2183,
  "labels_scored": 71
}