{
  "macro_auroc": 0.9174150533685362,
  "ece": 0.8964504248269618,
  "macro_f1": 0.3687857246982064,
  "micro_f1": 0.6024768203332685,
  "n_val": 2183,
  "labels_scored": 71
}