{
  "macro_auroc": 0.9150935659532061,
  "ece": 0.8162738014805423,
  "macro_f1": 0.3818743263322017,
  "micro_f1": 0.5587102983638114,
  "n_val": 2183,
  "labels_scored": 71
}