{
  "macro_auroc": 0.8942789110494946,
  "ece": 0.7901341749876004,
  "macro_f1": 0.33214891310293787,
  "micro_f1": 0.5214410226612435,
  "n_val": 2183,
  "labels_scored": 71
}